BEGIN TRANSACTION;
CREATE TABLE treatments (treatment TEXT PRIMARY KEY NOT NULL, ratio INTEGER NOT NULL DEFAULT 1);
INSERT INTO treatments VALUES('Case',1);
INSERT INTO treatments VALUES('Control',1);
CREATE TABLE factors (factor TEXT PRIMARY KEY NOT NULL, weight REAL NOT NULL DEFAULT 1.0);
INSERT INTO factors VALUES('Gender',1);
INSERT INTO factors VALUES('Age',1);
CREATE TABLE levels (factor TEXT NOT NULL, level TEXT NOT NULL, UNIQUE (factor,level));
INSERT INTO levels VALUES('Gender','Male');
INSERT INTO levels VALUES('Gender','Female');
INSERT INTO levels VALUES('Age','Y');
INSERT INTO levels VALUES('Age','M');
INSERT INTO levels VALUES('Age','O');
CREATE TABLE preload (treatment TEXT NOT NULL, factor TEXT NOT NULL, level TEXT NOT NULL, total INTEGER NOT NULL, UNIQUE (treatment,factor,level));
INSERT INTO preload VALUES('Case','Gender','Male',0);
INSERT INTO preload VALUES('Case','Gender','Female',0);
INSERT INTO preload VALUES('Control','Gender','Male',0);
INSERT INTO preload VALUES('Control','Gender','Female',0);
INSERT INTO preload VALUES('Case','Age','Y',0);
INSERT INTO preload VALUES('Case','Age','M',0);
INSERT INTO preload VALUES('Case','Age','O',0);
INSERT INTO preload VALUES('Control','Age','Y',0);
INSERT INTO preload VALUES('Control','Age','M',0);
INSERT INTO preload VALUES('Control','Age','O',0);
CREATE TABLE subjects (id TEXT PRIMARY KEY NOT NULL, treatment TEXT NOT NULL, enrolled_by TEXT NOT NULL, date_enrolled TEXT NOT NULL, date_modified TEXT NOT NULL);
CREATE TABLE subject_levels (subject_id TEXT NOT NULL, factor TEXT NOT NULL, level TEXT NOT NULL, UNIQUE (subject_id,factor,level));
CREATE TABLE used_ids (id TEXT PRIMARY KEY NOT NULL);
CREATE TABLE settings (title TEXT DEFAULT NULL, prob_method TEXT NOT NULL DEFAULT 'Biased Coin', base_prob FLOAT NOT NULL DEFAULT 0.7, dist_method TEXT NOT NULL DEFAULT 'Marginal Balance', sample_size NOT NULL DEFAULT 60, id_type TEXT NOT NULL DEFAULT 'Numeric', id_order TEXT NOT NULL DEFAULT 'Sequential', date_initiated TEXT NOT NULL);
COMMIT;
